<?xml version="1.0"?>
<!DOCTYPE module PUBLIC
        "-//Puppy Crawl//DTD Check Configuration 1.3//EN"
        "http://www.puppycrawl.com/dtds/configuration_1_3.dtd">

<!--
  Checkstyle configuration that checks the sun coding conventions from:
    - the Java Language Specification at
      http://java.sun.com/docs/books/jls/second_edition/html/index.html
    - the Sun Code Conventions at http://java.sun.com/docs/codeconv/
    - the Javadoc guidelines at
      http://java.sun.com/j2se/javadoc/writingdoccomments/index.html
    - the JDK Api documentation http://java.sun.com/j2se/docs/api/index.html
    - some best practices
  Checkstyle is very configurable. Be sure to read the documentation at
  http://checkstyle.sf.net (or in your downloaded distribution).
  Most Checks are configurable, be sure to consult the documentation.
  To completely disable a check, just comment it out or delete it from the file.
  Finally, it is worth reading the documentation.
-->

<module name="Checker">
    <!--
        If you set the basedir property below, then all reported file
        names will be relative to the specified directory. See
        http://checkstyle.sourceforge.net/5.x/config.html#Checker
        <property name="basedir" value="${basedir}"/>
    -->
    
    <module name="Header">
        <property name="header" value=""/>
    </module>

    <module name="TreeWalker">

        <module name="UnusedImports"/>

        <module name="RedundantImport"/>

        <module name="AvoidStarImport"/>

        <module name="IllegalImport"/>

        <module name="ImportOrder">
            <property name="groups" value="java,javax,javafx,org.jabref,*"/>
            <property name="ordered" value="true"/>
            <property name="separated" value="true"/>
            <property name="option" value="bottom"/>
            <property name="sortStaticImportsAlphabetically" value="true"/>
        </module>

    </module>

</module>
